{
    "loss": 0.8726419806480408,
    "accuracy": 0.8965517282485962
}