{
    "loss": 0.6722351312637329,
    "accuracy": 0.9051724076271057
}